{
  "descriptive_statistics": {
    "Identical": {
      "n_samples": 107,
      "mean": {
        "value": 1.000000041221904,
        "ci_95": [
          1.0000000289667432,
          1.0000000534770646
        ]
      },
      "median": {
        "value": 1.0,
        "ci_95": [
          1.0,
          1.0
        ]
      },
      "std": {
        "value": 6.489126645927546e-08,
        "ci_95": [
          5.547641372913901e-08,
          7.371651927414809e-08
        ]
      },
      "iqr": {
        "value": 1.1920928955078125e-07,
        "ci_95": [
          0.0,
          1.1920928955078125e-07
        ]
      }
    },
    "Paraphrase": {
      "n_samples": 104,
      "mean": {
        "value": 0.8366600464169796,
        "ci_95": [
          0.8183736310841945,
          0.8542868897748681
        ]
      },
      "median": {
        "value": 0.8597880005836487,
        "ci_95": [
          0.8394041657447815,
          0.8708046078681946
        ]
      },
      "std": {
        "value": 0.0944350497779391,
        "ci_95": [
          0.07663317680956779,
          0.11038960253969927
        ]
      },
      "iqr": {
        "value": 0.11472131311893463,
        "ci_95": [
          0.08010960258543491,
          0.136142760515213
        ]
      }
    },
    "Similar Content": {
      "n_samples": 90,
      "mean": {
        "value": 0.5513670740856065,
        "ci_95": [
          0.516309488138391,
          0.5872103067032165
        ]
      },
      "median": {
        "value": 0.5449433326721191,
        "ci_95": [
          0.5238371789455414,
          0.5699130892753601
        ]
      },
      "std": {
        "value": 0.17137010123827973,
        "ci_95": [
          0.14811066114165866,
          0.193227545605111
        ]
      },
      "iqr": {
        "value": 0.25035398453474045,
        "ci_95": [
          0.17524455804377795,
          0.2929286984726786
        ]
      }
    },
    "Related Topic": {
      "n_samples": 90,
      "mean": {
        "value": 0.3403003823219074,
        "ci_95": [
          0.297627809498873,
          0.383241152168355
        ]
      },
      "median": {
        "value": 0.33409586548805237,
        "ci_95": [
          0.29483166337013245,
          0.3819182962179184
        ]
      },
      "std": {
        "value": 0.20560191007156803,
        "ci_95": [
          0.1745895876799454,
          0.2325602954826513
        ]
      },
      "iqr": {
        "value": 0.30837787687778473,
        "ci_95": [
          0.1949375642463565,
          0.35110044851899147
        ]
      }
    },
    "Different Domain": {
      "n_samples": 97,
      "mean": {
        "value": 0.14884169204352596,
        "ci_95": [
          0.12574313369221965,
          0.17235141194739964
        ]
      },
      "median": {
        "value": 0.1265094131231308,
        "ci_95": [
          0.09813934564590454,
          0.18034063279628754
        ]
      },
      "std": {
        "value": 0.11861091818505315,
        "ci_95": [
          0.10134282221822638,
          0.13443933420019558
        ]
      },
      "iqr": {
        "value": 0.1729363054037094,
        "ci_95": [
          0.1415156051516533,
          0.21021172404289246
        ]
      }
    },
    "Unrelated": {
      "n_samples": 90,
      "mean": {
        "value": 0.014905737919939889,
        "ci_95": [
          -0.0006883016946570325,
          0.03177238536183723
        ]
      },
      "median": {
        "value": 0.003985971678048372,
        "ci_95": [
          -0.01177780982106924,
          0.01347706050146348
        ]
      },
      "std": {
        "value": 0.07848898116606932,
        "ci_95": [
          0.06280806036402554,
          0.09196725418789138
        ]
      },
      "iqr": {
        "value": 0.08990010153502226,
        "ci_95": [
          0.06767505153547973,
          0.11017011848744004
        ]
      }
    },
    "Contradiction": {
      "n_samples": 93,
      "mean": {
        "value": 0.7809312064801494,
        "ci_95": [
          0.742490420802947,
          0.818631222635828
        ]
      },
      "median": {
        "value": 0.8589409589767456,
        "ci_95": [
          0.7986044883728027,
          0.8902616500854492
        ]
      },
      "std": {
        "value": 0.1868620578704544,
        "ci_95": [
          0.15684142906828466,
          0.21228460848018496
        ]
      },
      "iqr": {
        "value": 0.2483556866645813,
        "ci_95": [
          0.1658070683479309,
          0.3443073630332947
        ]
      }
    }
  },
  "pairwise_comparisons": {
    "Identical_vs_Paraphrase": {
      "cles": 1.0,
      "cohens_d": 2.4638476754483865,
      "mean_difference": {
        "value": 0.16333999480492434,
        "ci_95": [
          -0.028123194514489275,
          0.028028115411747684
        ]
      },
      "kw_test": {
        "statistic": 164.03205846424888,
        "p_value": 1.4885325642877568e-37
      }
    },
    "Identical_vs_Similar Content": {
      "cles": 1.0,
      "cohens_d": 3.875060014528804,
      "mean_difference": {
        "value": 0.4486329671362974,
        "ci_95": [
          -0.07278646303010046,
          0.06995868205351051
        ]
      },
      "kw_test": {
        "statistic": 153.44985886198197,
        "p_value": 3.05462446985742e-35
      }
    },
    "Identical_vs_Related Topic": {
      "cles": 1.0,
      "cohens_d": 4.749429187733707,
      "mean_difference": {
        "value": 0.6596996588999965,
        "ci_95": [
          -0.10099385008338731,
          0.1014689169490036
        ]
      },
      "kw_test": {
        "statistic": 153.44998551477047,
        "p_value": 3.054429793030809e-35
      }
    },
    "Identical_vs_Different Domain": {
      "cles": 1.0,
      "cohens_d": 10.40940159440616,
      "mean_difference": {
        "value": 0.851158349178378,
        "ci_95": [
          -0.12044371857133399,
          0.12121329851576644
        ]
      },
      "kw_test": {
        "statistic": 158.92086552248662,
        "p_value": 1.9472919238687943e-36
      }
    },
    "Identical_vs_Unrelated": {
      "cles": 1.0,
      "cohens_d": 18.577677447988943,
      "mean_difference": {
        "value": 0.985094303301964,
        "ci_95": [
          -0.14138621359981351,
          0.1375446162698017
        ]
      },
      "kw_test": {
        "statistic": 153.44985886198197,
        "p_value": 3.05462446985742e-35
      }
    },
    "Identical_vs_Contradiction": {
      "cles": 1.0,
      "cohens_d": 1.7198800240587315,
      "mean_difference": {
        "value": 0.21906883474175454,
        "ci_95": [
          -0.045955942078875295,
          0.046737500593409115
        ]
      },
      "kw_test": {
        "statistic": 155.84130739137927,
        "p_value": 9.169495069261311e-36
      }
    },
    "Paraphrase_vs_Similar Content": {
      "cles": 0.9235042735042736,
      "cohens_d": 2.103363057209745,
      "mean_difference": {
        "value": 0.2852929723313731,
        "ci_95": [
          -0.05519905432692571,
          0.05573677519352256
        ]
      },
      "kw_test": {
        "statistic": 103.30898093359633,
        "p_value": 2.8675050277416703e-24
      }
    },
    "Paraphrase_vs_Related Topic": {
      "cles": 0.9773504273504273,
      "cohens_d": 3.1789838261939387,
      "mean_difference": {
        "value": 0.49635966409507215,
        "ci_95": [
          -0.08211029051696582,
          0.08344183035230686
        ]
      },
      "kw_test": {
        "statistic": 131.2494438218549,
        "p_value": 2.1836778959941194e-30
      }
    },
    "Paraphrase_vs_Different Domain": {
      "cles": 1.0,
      "cohens_d": 6.4412530672679384,
      "mean_difference": {
        "value": 0.6878183543734536,
        "ci_95": [
          -0.09937176708863249,
          0.09833666908186925
        ]
      },
      "kw_test": {
        "statistic": 149.8218928785967,