{
  "descriptive_statistics": {
    "Identical": {
      "n_samples": 84,
      "mean": {
        "value": 1.00000003973643,
        "ci_95": [
          1.000000026964006,
          1.0000000539280118
        ]
      },
      "median": {
        "value": 1.0,
        "ci_95": [
          1.0,
          1.0
        ]
      },
      "std": {
        "value": 6.394091291693739e-08,
        "ci_95": [
          5.363778942506705e-08,
          7.327585358520681e-08
        ]
      },
      "iqr": {
        "value": 1.1920928955078125e-07,
        "ci_95": [
          0.0,
          1.1920928955078125e-07
        ]
      }
    },
    "Paraphrase": {
      "n_samples": 81,
      "mean": {
        "value": 0.8219745571230664,
        "ci_95": [
          0.8008036193104439,
          0.842139799285818
        ]
      },
      "median": {
        "value": 0.8394041657447815,
        "ci_95": [
          0.8129852414131165,
          0.8666951656341553
        ]
      },
      "std": {
        "value": 0.09783210554906704,
        "ci_95": [
          0.07833515427114587,
          0.11586475933009006
        ]
      },
      "iqr": {
        "value": 0.1188197135925293,
        "ci_95": [
          0.08845466375350952,
          0.14441031217575073
        ]
      }
    },
    "Similar Content": {
      "n_samples": 70,
      "mean": {
        "value": 0.5563108207924026,
        "ci_95": [
          0.5141783940100244,
          0.5972763854584524
        ]
      },
      "median": {
        "value": 0.5525936484336853,
        "ci_95": [
          0.5072435736656189,
          0.5869292318820953
        ]
      },
      "std": {
        "value": 0.17817248940597127,
        "ci_95": [
          0.15044509805051695,
          0.20210746971946347
        ]
      },
      "iqr": {
        "value": 0.2682546153664589,
        "ci_95": [
          0.18071682676672934,
          0.3209600839763879
        ]
      }
    },
    "Related Topic": {
      "n_samples": 70,
      "mean": {
        "value": 0.33802292719483373,
        "ci_95": [
          0.2871257424793605,
          0.38924130873887663
        ]
      },
      "median": {
        "value": 0.32327134907245636,
        "ci_95": [
          0.28067314624786377,
          0.3860357999801636
        ]
      },
      "std": {
        "value": 0.21742245690073794,
        "ci_95": [
          0.1812008895241378,
          0.24872917155304483
        ]
      },
      "iqr": {
        "value": 0.325327780097723,
        "ci_95": [
          0.2204923358745873,
          0.3816886096261439
        ]
      }
    },
    "Different Domain": {
      "n_samples": 70,
      "mean": {
        "value": 0.13358039971041893,
        "ci_95": [
          0.10567550549266994,
          0.16159819954656995
        ]
      },
      "median": {
        "value": 0.11904721334576607,
        "ci_95": [
          0.07549276947975159,
          0.178390771150589
        ]
      },
      "std": {
        "value": 0.11879202362660816,
        "ci_95": [
          0.09718673296681264,
          0.13934088684136167
        ]
      },
      "iqr": {
        "value": 0.1766173504292965,
        "ci_95": [
          0.13901965133845806,
          0.1953228497877717
        ]
      }
    },
    "Unrelated": {
      "n_samples": 70,
      "mean": {
        "value": -0.011003530783844846,
        "ci_95": [
          -0.022630583719084305,
          0.0007011981493061641
        ]
      },
      "median": {
        "value": -0.01177780982106924,
        "ci_95": [
          -0.029981039464473724,
          0.003985971678048372
        ]
      },
      "std": {
        "value": 0.05016103593798156,
        "ci_95": [
          0.04217684527988712,
          0.057220060176615545
        ]
      },
      "iqr": {
        "value": 0.06940372800454497,
        "ci_95": [
          0.04977205116301775,
          0.09428431342821568
        ]
      }
    },
    "Contradiction": {
      "n_samples": 78,
      "mean": {
        "value": 0.7519356084939761,
        "ci_95": [
          0.7081607352751187,
          0.7932263848204644
        ]
      },
      "median": {
        "value": 0.8222449123859406,
        "ci_95": [
          0.7391139566898346,
          0.8666747808456421
        ]
      },
      "std": {
        "value": 0.19024924687250372,
        "ci_95": [
          0.15952696072868566,
          0.21625510646671292
        ]
      },
      "iqr": {
        "value": 0.29907068610191345,
        "ci_95": [
          0.19632036983966827,
          0.36364980041980743
        ]
      }
    }
  },
  "pairwise_comparisons": {
    "Identical_vs_Paraphrase": {
      "cles": 1.0,
      "cohens_d": 2.5974642563146153,
      "mean_difference": {
        "value": 0.17802548261336348,
        "ci_95": [
          -0.03397373924166534,
          0.034711630264628895
        ]
      },
      "kw_test": {
        "statistic": 128.15432289535008,
        "p_value": 1.0384621095501468e-29
      }
    },
    "Identical_vs_Similar Content": {
      "cles": 1.0,
      "cohens_d": 3.696029906964693,
      "mean_difference": {
        "value": 0.44368921894402735,
        "ci_95": [
          -0.0793545311441024,
          0.07933094471693036
        ]
      },
      "kw_test": {
        "statistic": 119.77301452547962,
        "p_value": 7.092962885712061e-28
      }
    },
    "Identical_vs_Related Topic": {
      "cles": 1.0,
      "cohens_d": 4.518932183292381,
      "mean_difference": {
        "value": 0.6619771125415962,
        "ci_95": [
          -0.11303619532735039,
          0.11620307891341365
        ]
      },
      "kw_test": {
        "statistic": 119.77322161552794,
        "p_value": 7.092222449776157e-28
      }
    },
    "Identical_vs_Different Domain": {
      "cles": 1.0,
      "cohens_d": 10.825258013970119,
      "mean_difference": {
        "value": 0.866419640026011,
        "ci_95": [
          -0.1377833618002201,
          0.13616818368154954
        ]
      },
      "kw_test": {
        "statistic": 119.77322161552794,
        "p_value": 7.092222449776157e-28
      }
    },
    "Identical_vs_Unrelated": {
      "cles": 1.0,
      "cohens_d": 29.914616587441415,
      "mean_difference": {
        "value": 1.0110035705202747,
        "ci_95": [
          -0.1604098292921637,
          0.15950761732318258
        ]
      },
      "kw_test": {
        "statistic": 119.77301452547962,
        "p_value": 7.092962885712061e-28
      }
    },
    "Identical_vs_Contradiction": {
      "cles": 1.0,
      "cohens_d": 1.8795599389119495,
      "mean_difference": {
        "value": 0.2480644312424538,
        "ci_95": [
          -0.05475544546331685,
          0.05562335020169994
        ]
      },
      "kw_test": {
        "statistic": 125.98030779755786,
        "p_value": 3.105496391775384e-29
      }
    },
    "Paraphrase_vs_Similar Content": {
      "cles": 0.8998236331569665,
      "cohens_d": 1.8860970315336616,
      "mean_difference": {
        "value": 0.26566373633066387,
        "ci_95": [
          -0.06120333655380912,
          0.06160927188926011
        ]
      },
      "kw_test": {
        "statistic": 71.55790866054019,
        "p_value": 2.692392612244941e-17
      }
    },
    "Paraphrase_vs_Related Topic": {
      "cles": 0.9689594356261023,
      "cohens_d": 2.943592221140969,
      "mean_difference": {
        "value": 0.4839516299282327,
        "ci_95": [
          -0.09454811613563262,
          0.0924783803014711
        ]
      },
      "kw_test": {
        "statistic": 98.44462993424554,
        "p_value": 3.342408286894263e-23
      }
    },
    "Paraphrase_vs_Different Domain": {
      "cles": 1.0,
      "cohens_d": 6.371362154630384,
      "mean_difference": {
        "value": 0.6883941574126475,
        "ci_95": [
          -0.1138917320656855,
          0.11732959166768903
        ]
      },
      "kw_test": {
        "statistic": 111.90808976662558,